Genre,Views,Series
Arts and Music,"55,165",The Lawrence Welk Show
Arts and Music,"35,484",Austin City Limits
Arts and Music,"35,150",Icon Music Through the Lens
Arts and Music,"19,218",Songs at the Center
Arts and Music,"11,857",ACL 9th Annual Hall of Fame Honors John Prine
Arts and Music,"11,539",30Minute Music Hour
Arts and Music,"8,182",Guys and Dolls
Arts and Music,"6,105",Design in Mind
Arts and Music,"5,487",Acapocalypse A Cappellas New Note
Arts and Music,"5,024",Great Performances
Arts and Music,"4,112",Luna and Sophie
Arts and Music,"3,775",Fight the Power How Hip Hop Changed the World
Arts and Music,"1,795",Jambo
Arts and Music,"1,702",Agatha Christie Lucy Worsley on the Mystery Queen
Arts and Music,"1,489",Variety Studio Actors on Actors
Arts and Music,805,State Honors Concert
Arts and Music,756,Next at the Kennedy Center
Arts and Music,341,Birch Creek Jazz
Arts and Music,313,Lakeshore Classic Movies
Arts and Music,293,Live From Lincoln Center
Arts and Music,262,Design in Mind Unlocking the Mysteries of Place With Gil Schafer
Arts and Music,261,A Very Brief History of A Cappella Music
Arts and Music,245,Wisconsin Young Artists Compete The Final Forte
Arts and Music,223,Sound Field
Arts and Music,201,A Century of Quilts
Arts and Music,200,Holiday Concert from UWEau Claire
Arts and Music,188,Christmas With The Tabernacle Choir
Arts and Music,179,Jazz
Arts and Music,178,Becoming Frida Kahlo
Arts and Music,171,GET Vocal Point
Arts and Music,140,Spirited Songs  Tell Me Why
Arts and Music,138,Art21 Art in the TwentyFirst Century
Arts and Music,112,Gershwin Prize
Arts and Music,95,The Nutcracker and the Mouse King
Arts and Music,91,Fight the Power
Arts and Music,87,The Caverns Sessions
Arts and Music,78,UW Varsity Band Concert 2023
Arts and Music,78,David Holts State of Music
Arts and Music,77,The Highwaymen Live at Nassau Coliseum
Arts and Music,74,Stories from the Stage
Arts and Music,67,Celtic Woman 20th Anniversary Concert
Arts and Music,57,Milwaukee High School of the Arts Vocal Jazz Ensemble
Arts and Music,50,Bluegrass Underground
Arts and Music,43,Bob Dylan Shadow Kingdom
Arts and Music,42,Neil Diamond The Thank You Australia Concert Live 1976
Arts and Music,40,Carole King Home Again  Live in Central Park
Arts and Music,38,Katie Dahl
Arts and Music,37,Gospel
Arts and Music,34,The Kate
Arts and Music,28,United in Song
Arts and Music,28,ARRIVAL from Sweden The Music of ABBA
Arts and Music,28,The British Beat My Music
Arts and Music,26,Johnny Cash Man in Black  Live in Denmark 1971
Arts and Music,25,UW Varsity Band Concert 2022
Arts and Music,25,Roy Orbison  Friends A Black  White Night
Arts and Music,24,PBS Arts Talk
Arts and Music,23,Southern Storytellers
Arts and Music,23,Poetry in America
Arts and Music,23,In Motion
Arts and Music,22,In Performance at The White House
Arts and Music,19,Fanny The Right to Rock
Arts and Music,18,Lynyrd Skynyrd Celebrating 50 Years Recorded Live at the Ryman
Arts and Music,17,Celtic Woman
Arts and Music,17,Yacht Rock Revue 70s and 80s Hits Live From New York
Arts and Music,16,Straight No Chaser The 25th Anniversary Celebration
Arts and Music,16,This Land Is Your Land My Music Presents
Arts and Music,15,The Light
Arts and Music,13,Postcards
Arts and Music,12,Classicalia
Arts and Music,12,Ella Wishes You a Swinging Christmas with Vanessa Williams
Arts and Music,12,Peter Frampton at Royal Albert Hall
Arts and Music,11,Concerts on the Square
Arts and Music,11,Nitty Gritty Dirt Band and Friends 50 Years and Circlin Back
Arts and Music,10,In Concert at the Hollywood Bowl
Arts and Music,10,Billy Joel Live at Yankee Stadium
Arts and Music,10,How Great Thou Art A Sacred Celebration
Arts and Music,10,The Dean Martin and Frank Sinatra Family Christmas Show
Arts and Music,10,Sting Live at the Olympia Paris
Arts and Music,10,Christmas at Belmont
Arts and Music,9,Billy Strings at the Ryman Auditorium
Arts and Music,8,One Voice The Songs We Share
Arts and Music,8,We Remember Songs of Survivors
Arts and Music,8,The New Divas Live In Vienna
Arts and Music,8,A Capitol Fourth
Arts and Music,8,John Denvers Rocky Mountain High
Arts and Music,8,The Rolling Stones Rock and Roll Circus
Arts and Music,7,OOPS
Arts and Music,7,All is Calm The Christmas Truce of 1914
Arts and Music,7,Chamber Music Society Returns
Arts and Music,7,Classical Rewind
Arts and Music,7,Live From Bradley Symphony Center Milwaukee Symphony Orchestra
Arts and Music,7,Mike Leckrone Wisconsins Showman
Arts and Music,7,My Music with Rhiannon Giddens
Arts and Music,7,Art School
Arts and Music,7,Concert for George
Arts and Music,7,The Stoughton Norwegian Dancers
Arts and Music,6,Riverdance 25th Anniversary Show
Arts and Music,6,Leonard Cohen Dance Me  Ballets Jazz de Montreal
Arts and Music,6,National Memorial Day Concert
Arts and Music,6,Inside the Met
Culture,"494,888",Finding Your Roots
Culture,"183,036",John McGiverns Main Streets
Culture,"80,714",Wisconsin Life
Culture,"59,978",Celebrity Antiques Road Trip
Culture,"52,485",Civilizations
Culture,"51,813",University Place
Culture,"39,851",Rick Steves Europe
Culture,"19,893",10 That Changed
Culture,"17,549",Wisconsin Hometown Stories
Culture,"13,456",10 Modern Marvels That Changed America
Culture,"6,853",Shipwrecks The Immersive Experience
Culture,"3,032",Secrets of the Royal Palaces
Culture,"1,968",10 Towns That Changed America
Culture,"1,814",Why Race Matters
Culture,"1,145",Michael Perry On the Road
Culture,"1,106",10 Streets That Changed America
Culture,963,Wisconsins Scenic Treasures
Culture,953,Green Fire Aldo Leopold and A Land Ethic for Our Time
Culture,820,Hockey Insights from Coach Eaves
Culture,814,Samantha Browns Places to Love
Culture,703,10 Parks That Changed America
Culture,513,In Wisconsin
Culture,509,Jeff  Mister Rogers
Culture,422,PBS Wisconsin Passport
Culture,401,Origin of Everything
Culture,355,Native America
Culture,346,Wisconsin in Black  White
Culture,297,Crash Course
Culture,243,1177 BC The Year Civilization Collapsed
Culture,229,Wisconsin Pride
Culture,187,Minnesota Experience
Culture,187,Epic Train Journeys from Above
Culture,181,Hockey Insights from Coach Butters and Badger Hockey Players
Culture,141,Miriam and Alan Lost in Scotland
Culture,137,Around the Corner with John McGivern
Culture,126,Removed From Home
Culture,112,The Exchange Kaukauna  King 50 Years Later
Culture,110,Wisconsin Stories
Culture,107,Adelante
Culture,106,Veterans Coming Home
Culture,106,Alone in the Wilderness
Culture,100,Cultural Entomology
Culture,96,What if
Culture,92,10 That Changed America
Culture,84,Penwern
Culture,82,LZ Lambeau
Culture,75,Maiingan Brother Wolf
Culture,72,Not Enough Apologies Trauma Stories
Culture,71,Rabbett Before Horses
Culture,69,Not Done Women Remaking America
Culture,56,Beauty of the Wild
Culture,56,Hiding in Plain Sight Youth Mental Illness
Culture,55,England Made with Love
Culture,54,Switching the Lens
Culture,52,Hockey Insight From Coach Eaves
Culture,46,In A Different Key
Culture,44,Earths Sacred Wonders
Culture,43,Impossible Builds
Culture,43,Rick Steves Art of Europe
Culture,43,Human Stem Cells 25 Years Later
Culture,41,The African Americans Many Rivers to Cross
Culture,40,Weekends with Yankee
Culture,36,Ireland Made with Love
Culture,35,Portraits From Rural Wisconsin
Culture,33,Mark Twain Prize
Culture,30,Well Meet Again
Culture,26,Being Hmong Means Being Free
Culture,24,Pioneers of Television
Culture,24,Martin Clunes Islands of the Pacific
Culture,23,Salute to Service A Veterans Day Celebration
Culture,23,Shakespeare Uncovered
Culture,22,Hispanic Heritage Awards
Culture,22,Great Scenic Railway Journeys 30th Anniversary Special
Culture,19,Black America Since MLK And Still I Rise
Culture,18,Stories of Service
Culture,18,Michael Perry Where I Come From
Culture,18,Latino Americans
Culture,16,What I Hear When You Say
Culture,15,Latino Wisconsin
Culture,14,Asian Americans
Culture,12,Teen Connection
Culture,12,Rick Steves Andalucia Southern Spain
Culture,12,Americas Forests With Chuck Leavell US Capitol Christmas Tree
Culture,11,Karamu Feast For The 7th Day
Culture,10,Rick Steves The Best of the Alps
Culture,10,Secrets of Royal Travel
Culture,10,Great Estates of Scotland
Culture,9,Dead  Buried
Culture,9,Secrets of Her Majestys Secret Service
Culture,8,Modern Pioneering with Georgia Pellegrini
Culture,8,Wisconsin Winter From the Air
Culture,8,Bottoms Up Wisconsins Historic Bars  Breweries
Culture,7,Start Up
Culture,7,The Savoy at Christmas
Culture,6,Future of Work
Culture,6,The Latino Experience
Culture,6,Dialogue
Culture,6,Jerry Apps OneRoom School
Culture,5,PBS American Portrait
Culture,5,The Great Muslim American Road Trip
Drama,"330,779",All Creatures Great and Small on Masterpiece
Drama,"219,817",Doc Martin
Drama,"209,866",Agatha Christies Poirot
Drama,"106,281",Maigret
Drama,"105,987",Funny Woman
Drama,"77,488",Agatha and the Curse of Ishtar
Drama,"67,334",The Suspicions of Mr Whicher
Drama,"61,356",Mr Bean
Drama,"30,761",Agatha Christies Sparkling Cyanide
Drama,"11,905",Astrid
Drama,"8,909",Downton Abbey on Masterpiece
Drama,"7,123",RFDS Royal Flying Doctor Service
Drama,"6,955",Addams Family
Drama,"6,198",The Birdcage
Drama,"5,803",The Paris Murders
Drama,"5,586",Call the Midwife
Drama,"3,820",Annika on Masterpiece
Drama,"3,288",World on Fire on Masterpiece
Drama,"3,115",Sunset Boulevard
Drama,"2,914",Unforgotten on Masterpiece
Drama,"2,797",Ms Fishers Modern Murder Mysteries
Drama,"2,711",Endeavour on Masterpiece
Drama,"2,650",Grantchester on Masterpiece
Drama,"2,235",Agatha and the Midnight Murders
Drama,"2,050",Agatha and the Truth of Murder
Drama,"1,804",Sanditon on Masterpiece
Drama,"1,708",Professor T
Drama,"1,651",Van der Valk on Masterpiece
Drama,"1,644",Hotel Portofino
Drama,"1,616",Poldark on Masterpiece
Drama,"1,506",The Seaside Hotel
Drama,"1,252",Death in Paradise
Drama,"1,188",Father Brown
Drama,"1,146",The Durrells in Corfu on Masterpiece
Drama,"1,052",Inspector Ricciardi
Drama,999,Vienna Blood
Drama,975,Frankie Drake Mysteries
Drama,919,Broadchurch
Drama,915,Suspects
Drama,809,Jamestown
Drama,806,Little Bird
Drama,742,The Wagner Method
Drama,727,Mr Selfridge
Drama,715,Miss Frimans War
Drama,697,The Addams Family
Drama,687,The Brokenwood Mysteries
Drama,624,Magpie Murders on Masterpiece
Drama,619,Victoria on Masterpiece
Drama,602,Dicte
Drama,453,Lakeside Murders
Drama,434,Pie in the Sky
Drama,416,Sisi Austrian Empress
Drama,408,Thou Shalt Not Kill
Drama,375,St Maik
Drama,369,Home Fires on Masterpiece
Drama,367,Ridley
Drama,353,The Adulterer
Drama,349,Murder in Sweden
Drama,344,Origins
Drama,340,Circles of Power
Drama,326,Masterpiece
Drama,291,Before We Die
Drama,281,The Tunnel Vengeance
Drama,268,Around the World in 80 Days
Drama,265,The Nordic Murders
Drama,261,Sister Boniface Mysteries
Drama,259,Marie Antoinette
Drama,259,The Good Apprentice
Drama,254,Jamaica Inn
Drama,250,Beecham House on Masterpiece
Drama,209,Mystery of Manon
Drama,200,Atlantic Crossing on Masterpiece
Drama,192,Agathe Koltes
Drama,189,DI Ray
Drama,187,Crimes of Passion
Drama,183,Capital
Drama,183,Reilly Ace of Spies
Drama,181,Lord  Master
Drama,180,Carmen Curlers
Drama,179,Tom Jones on Masterpiece
Drama,172,Giovannas Journey Winds of Passion
Drama,163,Little Women on Masterpiece
Drama,163,What to Do When Someone Dies
Drama,148,Finding Home
Drama,145,The Wall
Drama,132,Hotel Europa
Drama,132,River
Drama,129,Paradise
Drama,126,Baptiste on Masterpiece
Drama,124,Midsomer Murders
Drama,122,Halifax Retribution
Drama,113,Rocco Schiavone Ice Cold Murders
Drama,112,Love and Sacrifice
Drama,108,SSGB
Drama,105,Mayor of Casterbridge
Drama,104,Love Inevitably
Drama,102,Lovejoy
Drama,99,Shakespeare and Hathaway Private Investigators
Drama,98,A Confession
Drama,97,Marriage
Food,"340,683",Cooks Country
Food,"200,799",Wisconsin Foodie
Food,"109,823",Christopher Kimballs Milk Street Television
Food,"100,137",Americas Test Kitchen
Food,"79,714",Patis Mexican Table
Food,"69,008",Jacques Ppin Heart  Soul
Food,"59,936",Saras Weeknight Meals
Food,"43,909",Lidias Kitchen
Food,"43,528",tasteMAKERS
Food,"40,447",Moveable Feast With Relish
Food,"1,445",Around the Farm Table
Food,261,New Scandinavian Cooking
Food,247,25 Years with Lidia A Culinary Jubilee
Food,222,The Great American Recipe
Food,130,Mary Berrys Highland Christmas
Food,96,Essential Pepin
Food,82,No Passport Required
Food,70,Lidia Celebrates America
Food,64,The Dooky Chase Kitchen Leahs Legacy
Food,50,Steven Raichlens Project Fire
Food,42,Steven Raichlens Planet Barbecue
Food,42,Baking With Julia
Food,39,Mary Berrys Ultimate Christmas
Food,32,La Frontera with Pati Jinich
Food,30,A Few Good Pie Places
Food,30,Mary Berrys Absolute Favorites
Food,29,Martha Bakes
Food,27,Somewhere South
Food,25,Taco Mafia
Food,25,The Great British Baking Show
Food,18,Kevin Beltons Cookin Louisiana
Food,18,How She Rolls
Food,15,Wisconsin Supper Clubs 101
Food,14,Old Fashioned The Story of the Wisconsin Supper Club
Food,13,Flavor of Poland
Food,8,Mary Berrys Country House Secrets
Food,7,The Key Ingredient with Sheri Castle
Food,6,Family Ingredients
Food,5,Dishing with Julia Child
Food,5,Simply Ming
Food,5,Kevin Beltons New Orleans Kitchen
Food,5,Mary Berrys Simple Comforts
Food,3,New Orleans Cooking with Kevin Belton
Food,3,The Life of Loi Mediterranean Secrets
Food,3,The Inn at Little Washington
Food,2,Roadfood
Food,2,Kitchen Queens
Food,1,Field Trip With Curtis Stone
Food,1,The Migrant Kitchen
Food,1,Les Strouds Wild Harvest
Food,1,Table for All with Buki Elegbede
Food,1,Americas Home Cooking When in Rome
History,"200,731",Secrets of the Dead
History,"90,100",American Experience
History,"44,990",Tutankhamun Allies  Enemies
History,"40,217",Treasures with Bettany Hughes
History,"9,042",The US and the Holocaust
History,"6,493",Tribal Histories
History,"6,483",American Masters
History,"1,702",Wisconsin Vietnam War Stories
History,"1,173",The Civil War
History,"1,153",The American Buffalo A Story of Resilience
History,"1,004",Jerry Apps A Farm Winter
History,985,The Roosevelts
History,874,Shipwrecks
History,820,The War
History,801,Country Music
History,794,Benjamin Franklin
History,791,PBS Wisconsin Archives
History,677,The Vietnam War
History,445,The West
History,382,Lucy Worsleys Royal Myths  Secrets
History,379,Wisconsin War Stories
History,344,Jerry Apps A Farm Story
History,337,History Detectives
History,336,Prohibition
History,326,In Their Own Words
History,315,Baseball
History,250,Iconic America Our Symbols and Stories With David Rubenstein
History,247,Africas Great Civilizations
History,230,The Dust Bowl
History,228,The National Parks Americas Best Idea
History,222,Legacy List with Matt Paxton
History,214,Hemingway
History,210,Secrets of the Six Wives
History,179,Rise of the Nazis
History,165,Muhammad Ali
History,164,Lewis  Clark
History,158,History in a Nutshell
History,156,Frank Lloyd Wright
History,156,Once Upon a Time in Northern Ireland
History,152,Constitution USA with Peter Sagal
History,147,Lucy Worsley Investigates
History,145,Slavery by Another Name
History,116,The Boleyns A Scandalous Family
History,110,First Civilizations
History,104,My Wisconsin Stories
History,93,Utah History
History,87,Making Black America Through the Grapevine
History,86,Eyes on the Prize
History,85,Story of China
History,79,Mark Twain
History,73,The War of 1812
History,62,My Grandparents War
History,57,The Mayo Clinic Faith Hope and Science
History,53,Underground Railroad The William Still Story
History,48,Betrayed Surviving an American Concentration Camp
History,47,Worlds Greatest Cemeteries
History,46,10thirtysix
History,43,Wisconsins Nazi Resistance The Mildred FishHarnack Story
History,42,Ancient Invisible Cities
History,39,Brooklyn Bridge
History,38,Lucy Worsleys 12 Days of Tudor Christmas
History,38,My Wisconsin Backyard
History,35,Not For Ourselves Alone The Story of Elizabeth Cady Stanton and Susan B Anthony
History,33,Lucy Worsleys Royal Palace Secrets
History,32,Power of the River
History,30,Tulsa The Fire and the Forgotten
History,29,The Black Church
History,25,Vel Phillips Dream Big Dreams
History,20,Harriet Tubman Visions of Freedom
History,20,Agatha Christies England
History,20,Al Capone Icon
History,18,Ken Burns The National Parks
History,16,Sifting and Winnowing and Film Burning
History,15,Preview  Nancy Zieman Extraordinary Grace
History,14,Genealogy Roadshow
History,14,Lucy Worsleys Royal Photo Album
History,13,BOSS The Black Experience in Business
History,13,Bob Dole Italy and World War II
History,13,Minnesotas Deadliest Blizzards
History,12,RECONSTRUCTION AMERICA AFTER THE CIVIL WAR
History,12,Frank Lloyd Wright The Man Who Built America
History,11,Our House The Wisconsin Capitol
History,11,Meredith Willson Americas Music Man
History,11,Nazi Mega Weapons
History,11,Shakespeares Tomb
History,10,How Saba Kept Singing
History,10,Groundbreakers
History,8,East Lake Meadows A Public Housing Story
History,8,Georgia Stories
History,7,Unforgivable Blackness The Rise and Fall of Jack Johnson
History,7,Living With Hitler
History,6,Awakening in Taos The Mabel Dodge Luhan Story
History,6,Prince Albert A Victorian Hero Revealed
History,6,Becoming Frederick Douglass
History,6,Harbor from the Holocaust
History,6,The Statue of Liberty
History,6,Jackie Robinson
History,5,100 Years From Mississippi
History,5,Secrets of Sacred Architecture
History,5,Inside the Mind of Agatha Christie
Home and How-to,"469,421",Antiques Roadshow
Home and How-to,"261,691",This Old House
Home and How-to,"66,755",The American Woodshop
Home and How-to,"57,134",Sewing With Nancy
Home and How-to,"49,749",Garden Smart
Home and How-to,"47,376",Ask This Old House
Home and How-to,"37,571",Best of Sewing With Nancy
Home and How-to,"34,986",Fons  Porters Love of Quilting
Home and How-to,"24,964",Quick Fit with Cassy
Home and How-to,"9,920",You Are Cordially Invited
Home and How-to,"3,568",The Great Wisconsin Quilt Show
Home and How-to,"3,086",Lets Grow Stuff
Home and How-to,"1,780",The Art of Quilting
Home and How-to,"1,136",Craft in America
Home and How-to,990,The Wisconsin Gardener
Home and How-to,518,MotorWeek
Home and How-to,404,The Woodwrights Shop
Home and How-to,199,Two Cents
Home and How-to,172,Woodsmith Shop
Home and How-to,99,Welcome to My Farm
Home and How-to,96,Escape to the Chateau
Home and How-to,44,The Travelling Auctioneers
Home and How-to,44,Garden  Landscape Expo
Home and How-to,42,GARDENFIT
Home and How-to,24,Growing a Greener World
Home and How-to,23,Help We Bought a Village
Home and How-to,17,5 Minute Yoga Fix with Peggy Cappy
Home and How-to,15,Quilting Arts
Home and How-to,13,Classic Woodworking
Home and How-to,8,Your Life Your Money
Home and How-to,5,Made Here
Home and How-to,5,Outdoor Wisconsin
Home and How-to,4,The Temple Makers
Home and How-to,4,Suze Ormans Ultimate Retirement Guide
Home and How-to,2,Aging Backwards 4 The Miracle of Flexibility with Miranda Esmonde White
Home and How-to,2,Antiques Roadshow Recut
Home and How-to,2,Behind the Scenes at Antiques Roadshow Green Bay
Home and How-to,2,Home Diagnosis
Home and How-to,1,Joyful Pain Free Living with Lee Albert
Home and How-to,1,Mary Berrys Easter Feast
Home and How-to,1,The House That Norm Built
Independent Films,"121,317",Independent Lens
Independent Films,"10,861",POV
Independent Films,"1,053",The Cost of Inheritance An America Reframed Special
Independent Films,424,America ReFramed
Independent Films,187,Directors Cut
Independent Films,133,PBS Short Film Festival
Independent Films,85,Wisconsin From the Air
Independent Films,46,Local USA
Independent Films,37,Film School Shorts
Independent Films,33,Reel South Hindsight
Independent Films,30,Musher
Independent Films,8,VOCES on PBS
Independent Films,5,Big Sonia
Independent Films,5,PBS Presents
Independent Films,4,Wisconsin Water From the Air
Independent Films,4,Nancy Zieman Extraordinary Grace
Independent Films,3,A Town Called Victoria
Independent Films,2,POV Shorts
Independent Films,2,AfroPoP The Ultimate Cultural Exchange
Independent Films,1,Out of Exile The Photography of Fred Stein
Kids,"696,837",Daniel Tigers Neighborhood
Kids,"679,516",Wild Kratts
Kids,"430,262",Curious George
Kids,"290,781",Odd Squad
Kids,"273,416",Work It Out Wombats
Kids,"262,589",Sesame Street
Kids,"249,454",Xavier Riddle and the Secret Museum
Kids,"225,961",Arthur
Kids,"212,163",Rosies Rules
Kids,"157,795",Nature Cat
Kids,"152,181",Rocket Saves the Day
Kids,"141,609",Pinkalicious  Peterrific
Kids,"139,915",Super Whys Comic Book Adventures
Kids,"135,732",Dinosaur Train
Kids,"127,449",Almas Way
Kids,"124,585",Superwhy
Kids,"109,276",Dots Spot
Kids,"108,065",Donkey Hodie
Kids,"90,987",Elinor Wonders Why
Kids,"86,101",Molly of Denali
Kids,"79,466",Word World
Kids,"77,914",Hero Elementary
Kids,"70,138",Scribbles  Ink
Kids,"66,615",Mister Rogers Neighborhood
Kids,"63,508",Clifford the Big Red Dog
Kids,"52,364",Sid the Science Kid
Kids,"49,760",Jelly Ben  Pogo
Kids,"48,420",The Cat in the Hat Knows a Lot About That
Kids,"44,147",Mega Wow
Kids,"44,055",The Ruff Ruffman Show
Kids,"41,490",City Island
Kids,"41,318",The NotTooLate Show with Elmo
Kids,"39,395",Martha Speaks
Kids,"37,738",Cyberchase
Kids,"32,362",Oh Noah
Kids,"29,699",Plum Landing
Kids,"28,097",Word Girl
Kids,"25,656",Lyla in the Loop
Kids,"24,927",Search It Up
Kids,"24,261",Peg  Cat
Kids,"23,138",Through the Woods
Kids,"22,659",Lets Go Luna
Kids,"21,871",Maya  Miguel
Kids,"21,263",Splash  Bubbles
Kids,"20,803",Lets Go Luna Lunas Christmas Around the World
Kids,"20,010",Ready Jet Go
Kids,"19,544",What Can You Become
Kids,"18,950",Jamming On the Job
Kids,"16,403",Design Squad
Kids,"14,142",SciGirls
Kids,"9,533",Keyshawn Solves It
Kids,"8,140",PBS KIDS Talk About
Kids,"7,150",You Me Community
Kids,"2,095",PBS KIDS
Kids,699,Get Up and Go
Kids,144,WPT Get Up and Go Day 2013
Kids,63,Wisconsin PBS Kids Open House Live With Mr Steve
Kids,52,Kids In Motion
Kids,17,Splash and Bubbles
Kids,17,Arthurs Perfect Christmas
Kids,13,Happy Holidays
Kids,8,Wild Kratts A Creature Christmas
Kids,4,Arthur and the Haunted Tree House
Kids,3,WordGirl
Kids,1,Word of the Week
Kids,1,Mister Rogers message on the anniversary of Sept 11
Kids,1,Furry Friends Forever Elmo Gets a Puppy
Kids,1,The Cat in the Hat Knows a Lot About Halloween
Kids,0,Wild Kratts Creepy Creatures
News and Public Affairs,"567,519",PBS News Hour
News and Public Affairs,"201,876",Washington Week
News and Public Affairs,"195,242",Here  Now
News and Public Affairs,"111,077",FRONTLINE
News and Public Affairs,"100,860",Amanpour and Company
News and Public Affairs,"87,059",BBC World News America
News and Public Affairs,"43,317",State of the State Address
News and Public Affairs,"42,194",Market to Market
News and Public Affairs,"14,318",Firing Line With Margaret Hoover
News and Public Affairs,"2,801",Martin Luther K
News and Public Affairs,"2,192",Martin Luther King Jr Day Celebration
News and Public Affairs,"1,580",A Citizens Guide to Preserving Democracy
News and Public Affairs,"1,170",BBC News America
News and Public Affairs,818,Martin Luther King Jr Day Celebration 2024
News and Public Affairs,757,Iowa Caucus  A
News and Public Affairs,565,Washington Week in Review
News and Public Affairs,540,MLK 2014 Tribute
News and Public Affairs,511,State of State Address
News and Public Affairs,462,PBS Wisconsin News
News and Public Affairs,442,Martin Luther King Jr Day Celebration Highlights
News and Public Affairs,413,911 Inside the Pentagon
News and Public Affairs,345,Tell Me More with Kelly Corrigan
News and Public Affairs,261,Religion  Ethics NewsWeekly
News and Public Affairs,258,The New Hampshire Primary  A PBS News Special Report
News and Public Affairs,204,Chicago Tonight
News and Public Affairs,173,Remembering Nancy Zieman
News and Public Affairs,149,The Iowa Caucus  A PBS News Special Report
News and Public Affairs,142,Native Report
News and Public Affairs,125,Above The Noise
News and Public Affairs,101,MetroFocus
News and Public Affairs,43,News Quiz
News and Public Affairs,42,Retro Report on PBS
News and Public Affairs,34,Noon Wednesday
News and Public Affairs,34,Facing Suicide
News and Public Affairs,30,Power Trip The Story of Energy
News and Public Affairs,29,Preserving Democracy Pursuing a More Perfect Union
News and Public Affairs,27,Our Birds An In Wisconsin Special
News and Public Affairs,21,Below the Belt The Last Health Taboo
News and Public Affairs,19,Spillover  Zika Ebola  Beyond
News and Public Affairs,18,Wisconsin 2022 Candidate Statements
News and Public Affairs,16,PBS Wisconsin Public Affairs
News and Public Affairs,15,State of the Tribes Address
News and Public Affairs,15,The Open Mind
News and Public Affairs,11,The Talk Race in America
News and Public Affairs,9,Blood Sugar Rising
News and Public Affairs,7,Charlie Berens Commencement Speech for Wisconsins Graduates
News and Public Affairs,7,Bring Her Home
News and Public Affairs,7,Understanding the Opioid Epidemic
News and Public Affairs,7,America at a Crossroads with Judy Woodruff
News and Public Affairs,6,As busy travel week commences efforts to curb distracted driving
News and Public Affairs,5,Need To Know
News and Public Affairs,4,2023 Wisconsin Gubernatorial Inauguration
News and Public Affairs,4,NewsMakers
News and Public Affairs,3,Rising Against Asian Hate One Day in March
News and Public Affairs,3,The Coronation of King Charles III
News and Public Affairs,2,MLK 2012 Tribute I Have a Dream
News and Public Affairs,2,Battle Over Bears Ears
News and Public Affairs,1,Wisconsin Budget Address
News and Public Affairs,1,Wisconsin Gubernatorial Inauguration
News and Public Affairs,1,Overheard with Evan Smith
News and Public Affairs,1,CONNECTED A SEARCH FOR UNITY
News and Public Affairs,1,Celebrating PBS NewsHour
No Genre,"251,230",Miss Scarlet on Masterpiece
No Genre,"13,717",The New
No Genre,"1,328",Default Series
No Genre,571,WPT Previews
No Genre,376,To Be Announced
No Genre,328,WOSU Presents
No Genre,265,WPT Web Extra
No Genre,108,WPT Archives 1980s
No Genre,95,Exclusive Preview
No Genre,78,Thornton Wilder
No Genre,77,Episode 8
No Genre,51,Solids
No Genre,34,WPT Archives 1990s
No Genre,24,Minnesota Original
No Genre,22,WPT Archives 1960s
No Genre,20,Valley PBS Original Documentaries
No Genre,9,WNMU Presents
No Genre,6,Building a state
No Genre,6,httpstimstatspbswiorg
No Genre,2,Inside
No Genre,2,WPT Previews  Michael Perry
Science and Nature,"227,350",NOVA
Science and Nature,"198,879",Nature
Science and Nature,"76,819",The Yorkshire Vet
Science and Nature,"18,957",Breakthrough The Ideas That Changed the World
Science and Nature,"15,736",Inheritance
Science and Nature,"1,501",Cecil The Real Lion King
Science and Nature,"1,220",Be Smart
Science and Nature,"1,053",PBS Space Time
Science and Nature,669,NOVA Labs
Science and Nature,487,Deep Look
Science and Nature,465,Reactions
Science and Nature,359,Untold Earth
Science and Nature,343,Science Trek
Science and Nature,274,America Outdoors with Baratunde Thurston
Science and Nature,248,Great Yellowstone Thaw
Science and Nature,238,Curious Crew
Science and Nature,236,Cecil The Legacy of a King
Science and Nature,179,Kingdoms of the Sky
Science and Nature,175,Human Footprint
Science and Nature,170,Rivers of Life
Science and Nature,155,The Green Planet
Science and Nature,137,Chemistry  Physics
Science and Nature,127,Outdoor Nevada
Science and Nature,125,Weathered
Science and Nature,122,Big Pacific
Science and Nature,114,Evolution Earth
Science and Nature,109,First Peoples
Science and Nature,101,The Earthshot Prize 2022
Science and Nature,100,The Gene Doctors
Science and Nature,87,Mysteries of Mental Illness
Science and Nature,76,Expedition With Steve Backshall
Science and Nature,75,Your Inner Fish
Science and Nature,75,Super Skyscrapers
Science and Nature,68,Once Upon a Christmas Cheery in the Lab of Shakhashiri
Science and Nature,65,Great Lakes Now
Science and Nature,60,The Great Polar Bear Feast
Science and Nature,50,Europes New Wild
Science and Nature,49,Wild Metropolis
Science and Nature,44,The Brain with David Eagleman
Science and Nature,43,Wild Scandinavia
Science and Nature,38,The Amazing Human Body
Science and Nature,36,Islands of Wonder
Science and Nature,36,Northern Nights Starry Skies
Science and Nature,31,When Whales Walked Journeys in Deep Time
Science and Nature,30,Wonders of Mexico
Science and Nature,28,SuperNature  Wild Flyers
Science and Nature,26,Ancient Skies
Science and Nature,25,Life from Above
Science and Nature,21,The Age of Nature
Science and Nature,21,Spy in the Wild A Nature Miniseries
Science and Nature,18,Magical Land of Oz
Science and Nature,18,Human The World Within
Science and Nature,17,Prehistoric Road Trip
Science and Nature,15,Yahara Watershed A Place of Change
Science and Nature,13,Forces of Nature
Science and Nature,13,Changing Planet
Science and Nature,13,Irelands Wild Coast
Science and Nature,13,The Molecule That Made Us
Science and Nature,12,Greta Thunberg A Year to Change the World
Science and Nature,12,Hacking Your Mind
Science and Nature,12,Animal IQ
Science and Nature,11,A Sea Change for Superior The Warming of the Worlds Largest Lake
Science and Nature,10,First Contact An Alien Encounter
Science and Nature,9,Life at the Waterhole
Science and Nature,7,Outback
Science and Nature,7,Planet California
Science and Nature,6,Lion The Rise and Fall of the Marsh Pride
Science and Nature,5,Ozone Hole How We Saved the Planet
Science and Nature,5,SciTech Now
Science and Nature,5,Birds of Wisconsin
Science and Nature,5,Genius by Stephen Hawking
Science and Nature,5,When Disaster Strikes
Science and Nature,4,Animal Babies First Year on Earth
Science and Nature,4,Ocean Souls
Science and Nature,4,Bears of Durango
Science and Nature,4,Build a Better Memory Through Science
Science and Nature,4,NatureWorks
Science and Nature,4,Animals With Cameras A Nature Miniseries
Science and Nature,3,Extinction The Facts
Science and Nature,3,Colombia  Wild and Free
Science and Nature,3,Earths Natural Wonders
Science and Nature,2,India Natures Wonderland
Science and Nature,1,Operation Maneater
Science and Nature,1,The Letter A Message For Our Earth
Science and Nature,1,Surviving Disasters with Les Stroud
